{
	"song": {
		"speed": 3.2,
		"stage": "Void",
		"player1": "bf",
		"player2": "CrazyMac1",
		"events": [],
		"notes": [
			{
				"gfSection": false,
				"altAnim": false,
				"typeOfSection": 0,
				"sectionNotes": [
					[
						0,
						1,
						0
					],
					[
						105.263157894737,
						3,
						0
					],
					[
						315.789473684211,
						1,
						0
					],
					[
						421.052631578947,
						2,
						0
					],
					[
						631.578947368421,
						1,
						0
					],
					[
						736.842105263158,
						3,
						0
					],
					[
						842.105263157895,
						1,
						0
					],
					[
						947.368421052631,
						0,
						0
					],
					[
						1157.89473684211,
						1,
						0
					],
					[
						1263.15789473684,
						3,
						0
					],
					[
						1473.68421052632,
						1,
						0
					],
					[
						1578.94736842105,
						2,
						0
					]
				],
				"bpm": 150,
				"sectionBeats": 4,
				"changeBPM": false,
				"mustHitSection": true
			},
			{
				"gfSection": false,
				"altAnim": false,
				"typeOfSection": 0,
				"sectionNotes": [
					[
						1684.21052631579,
						3,
						0
					],
					[
						1789.47368421053,
						1,
						0
					],
					[
						2000,
						1,
						0
					],
					[
						2105.26315789474,
						0,
						0
					],
					[
						2315.78947368421,
						1,
						0
					],
					[
						2421.05263157895,
						2,
						0
					],
					[
						2526.31578947368,
						3,
						0
					],
					[
						2631.57894736842,
						0,
						0
					],
					[
						2842.10526315789,
						1,
						0
					],
					[
						2947.36842105263,
						2,
						0
					],
					[
						3157.8947368421,
						1,
						0
					],
					[
						3263.15789473684,
						3,
						0
					]
				],
				"bpm": 150,
				"sectionBeats": 4,
				"changeBPM": false,
				"mustHitSection": true
			},
			{
				"gfSection": false,
				"altAnim": false,
				"typeOfSection": 0,
				"sectionNotes": [
					[
						3368.42105263158,
						1,
						0
					],
					[
						3473.68421052632,
						2,
						0
					],
					[
						3684.21052631579,
						1,
						0
					],
					[
						3789.47368421053,
						3,
						0
					],
					[
						3736.84210526316,
						0,
						0
					],
					[
						3894.73684210526,
						1,
						0
					],
					[
						4000,
						2,
						0
					],
					[
						4105.26315789474,
						3,
						0
					],
					[
						4210.52631578947,
						0,
						0
					],
					[
						4315.78947368421,
						1,
						0
					],
					[
						4263.15789473684,
						3,
						0
					],
					[
						4526.31578947368,
						1,
						0
					],
					[
						4578.94736842105,
						0,
						0
					],
					[
						4631.57894736842,
						3,
						0
					],
					[
						4684.21052631579,
						2,
						0
					],
					[
						4736.84210526316,
						1,
						0
					],
					[
						4842.10526315789,
						1,
						0
					],
					[
						4947.36842105263,
						3,
						0
					]
				],
				"bpm": 285,
				"sectionBeats": 4,
				"changeBPM": false,
				"mustHitSection": true
			},
			{
				"gfSection": false,
				"altAnim": false,
				"typeOfSection": 0,
				"sectionNotes": [
					[
						5052.63157894737,
						2,
						0
					],
					[
						5157.8947368421,
						1,
						0
					],
					[
						5368.42105263158,
						1,
						0
					],
					[
						5473.68421052632,
						3,
						0
					],
					[
						5684.21052631579,
						2,
						0
					],
					[
						5736.84210526316,
						0,
						0
					],
					[
						5789.47368421053,
						3,
						0
					],
					[
						5824.56140350877,
						2,
						0
					],
					[
						5894.73684210526,
						1,
						0
					],
					[
						6000,
						3,
						0
					],
					[
						6105.26315789474,
						1,
						0
					],
					[
						6210.52631578947,
						2,
						0
					],
					[
						6315.78947368421,
						0,
						0
					],
					[
						6421.05263157895,
						2,
						0
					],
					[
						6526.31578947368,
						1,
						0
					],
					[
						6631.57894736842,
						0,
						0
					]
				],
				"bpm": 285,
				"sectionBeats": 4,
				"changeBPM": false,
				"mustHitSection": true
			},
			{
				"gfSection": false,
				"altAnim": false,
				"typeOfSection": 0,
				"sectionNotes": [
					[
						6736.84210526316,
						3,
						0
					],
					[
						6736.84210526316,
						2,
						0
					],
					[
						6947.36842105263,
						1,
						0
					],
					[
						7052.63157894737,
						2,
						0
					],
					[
						7157.8947368421,
						0,
						0
					],
					[
						7368.42105263158,
						1,
						0
					],
					[
						7578.94736842105,
						3,
						0
					],
					[
						7684.21052631579,
						2,
						0
					],
					[
						7736.84210526316,
						0,
						0
					],
					[
						7842.10526315789,
						1,
						0
					],
					[
						7947.36842105263,
						3,
						0
					],
					[
						8210.52631578947,
						1,
						0
					]
				],
				"bpm": 142.5,
				"sectionBeats": 4,
				"changeBPM": false,
				"mustHitSection": true
			},
			{
				"gfSection": false,
				"altAnim": false,
				"typeOfSection": 0,
				"sectionNotes": [
					[
						8421.05263157895,
						2,
						0
					],
					[
						8526.31578947368,
						3,
						0
					],
					[
						8736.84210526316,
						0,
						0
					],
					[
						8842.10526315789,
						2,
						0
					],
					[
						8947.36842105263,
						2,
						0
					],
					[
						9052.63157894737,
						3,
						0
					],
					[
						9105.26315789474,
						0,
						0
					],
					[
						9157.8947368421,
						2,
						0
					],
					[
						9210.52631578947,
						3,
						0
					],
					[
						9263.15789473684,
						2,
						0
					],
					[
						9368.42105263158,
						1,
						0
					],
					[
						9473.68421052631,
						0,
						0
					],
					[
						9473.68421052631,
						1,
						0
					],
					[
						9578.94736842105,
						3,
						0
					],
					[
						9684.21052631579,
						2,
						0
					],
					[
						9789.47368421052,
						3,
						0
					],
					[
						9894.73684210526,
						2,
						0
					],
					[
						9947.36842105263,
						0,
						0
					],
					[
						10000,
						3,
						0
					],
					[
						10052.6315789474,
						0,
						0
					],
					[
						10070.1754385965,
						3,
						0
					]
				],
				"bpm": 142.5,
				"sectionBeats": 4,
				"changeBPM": false,
				"mustHitSection": true
			},
			{
				"gfSection": false,
				"altAnim": false,
				"typeOfSection": 0,
				"sectionNotes": [
					[
						10105.2631578947,
						2,
						0
					],
					[
						10210.5263157895,
						1,
						0
					],
					[
						10315.7894736842,
						3,
						0
					],
					[
						10421.0526315789,
						2,
						0
					],
					[
						10526.3157894737,
						0,
						0
					],
					[
						10631.5789473684,
						3,
						0
					],
					[
						10736.8421052632,
						1,
						0
					],
					[
						10842.1052631579,
						2,
						0
					],
					[
						10947.3684210526,
						3,
						0
					],
					[
						11052.6315789474,
						0,
						0
					],
					[
						11157.8947368421,
						1,
						0
					],
					[
						11315.7894736842,
						1,
						0
					],
					[
						11421.0526315789,
						2,
						0
					],
					[
						11578.9473684211,
						1,
						0
					],
					[
						11684.2105263158,
						3,
						0
					]
				],
				"bpm": 142.5,
				"sectionBeats": 4,
				"changeBPM": false,
				"mustHitSection": true
			},
			{
				"gfSection": false,
				"altAnim": false,
				"typeOfSection": 0,